a,b,overlap_s,front_common,contain,same_full,same_inputs
30618_0259fe53,30618_cfd9fd5a,1228.3097,11864,1.0,1,1
30618_0a83c933,30618_e392e5bd,1095.5836,10559,1.0,1,1
30618_117c2d02,30618_46e21b9b,1202.4454,11063,1.0,1,1
30618_1cc230fa,30618_a395846d,1311.2853,11952,1.0,1,1
30618_20096314,30618_e7dcdab1,1187.4308,11429,1.0,1,1
30618_2161b58b,30618_f28179bb,1069.8199,9571,1.0,1,1
30618_21dd3af3,30618_f3b8c99b,1074.3471,9838,1.0,1,1
30618_2255aade,30618_7bfbb5ed,1254.0665,11618,1.0,1,1
30618_2366c74a,30618_93dc866e,1080.6501,10418,1.0,1,1
30618_2cb9ce37,30618_5eb8d2c9,745.7764,7384,1.0,1,1
30618_2d2fa7be,30618_8eb8615c,1198.4574,10866,1.0,1,1
30618_2f2f1175,30618_ddad08d6,1168.4911,10785,1.0,1,1
30618_3b36e5cd,30618_ae4eb346,1255.3914,11649,1.0,1,1
30618_3ba2326f,30618_b1098bdb,1275.9573,12126,1.0,1,1
30618_3e012faf,30618_bcc9e7a2,1018.7888,9555,1.0,1,1
30618_40ffd323,30618_efb92709,1277.88,12009,1.0,1,1
30618_4d487b0d,30618_b3042f78,1072.8233,9569,1.0,1,1
30618_4e1e3181,30618_95c49c30,1269.3149,12319,1.0,1,1
30618_6236f680,30618_7d88fa79,1272.6464,12288,1.0,1,1
30618_6cb3280a,30618_f3a0694d,1224.1281,12027,1.0,1,1
30618_748832b9,30618_7849303f,1111.5558,10845,1.0,1,1
30618_79b204dc,30618_887a2b9a,1061.5952,10113,1.0,1,1
30618_7a152380,30618_8f08df08,1253.2554,11525,1.0,1,1
30618_81c22fee,30618_92b1b453,1181.443,10615,1.0,1,1
30618_9bbe6faa,30618_9c10cd0d,1218.5269,10958,1.0,1,1
